"Epic","Feature","Story","FAILED","BROKEN","PASSED","SKIPPED","UNKNOWN"
"","Video Catalog","CATALOG structure","0","0","5","0","0"
"","QoE Demo Bridge","registerQoeDemoBridge","0","0","3","0","0"
"","QoE Collector","Time to First Frame","0","0","6","0","0"
"","Demo Scenarios","parseDemoScenario","0","0","4","0","0"
"","Video Catalog","ALL_VIDEOS","0","0","9","0","0"
"","QoE Demo Bridge","unregisterQoeDemoBridge","0","0","2","0","0"
"","QoE Collector","Initial State","0","0","4","0","0"
"","QoE Collector","Bitrate Tracking","0","0","5","0","0"
"","QoE Collector","Buffering Tracking","0","0","5","0","0"
"","Demo Scenarios","DEMO_SCENARIO_IDS","0","0","2","0","0"
"","QoE Collector","Error Tracking","0","0","2","0","0"
"","QoE Collector","Metrics Ingest","0","0","1","0","0"
"","Video Catalog","findVideo","0","0","4","0","0"
"","Video Catalog","HERO_VIDEO","0","0","3","0","0"
"","Video Catalog","Browse tabs","0","0","1","0","0"
"","Demo Scenarios","DEMO_SCENARIO_LABELS","0","0","3","0","0"
